,TEMP,DO,pH,CONDUCTIVITY,BOD,NITRATE_N_NITRITE_N,FECAL_COLIFORM,TOTAL_COLIFORM,potability
0,0.8025751072961376,0.39263803680981596,0.2142857142857143,0.028972234941514383,0.04244031830238727,0.04395604395604396,9.664419152301583e-06,3.023093156699598e-06,1
1,0.6008583690987126,0.36809815950920244,0.20238095238095244,0.009615784872830203,0.03846153846153847,0.04395604395604396,0.00023194605965523796,7.599720296703158e-06,0
2,0.6566523605150216,0.3374233128834356,0.1785714285714286,0.01315406069183699,0.053050397877984094,0.19780219780219782,0.00019006690999526444,5.542337453949264e-06,1
3,0.6137339055793993,0.3374233128834356,0.1785714285714286,0.013820089081297091,0.07161803713527852,0.07802197802197802,0.00028993257456904747,1.1840448197073427e-05,1
4,0.6523605150214593,0.34969325153374237,0.19047619047619058,0.010614827457020356,0.039787798408488076,0.05912087912087913,0.00014496628728452373,5.500350048995103e-06,1
5,0.6223175965665237,0.27607361963190186,0.1428571428571429,0.019731091037755485,0.1644562334217507,0.05054945054945055,0.0004220129696505024,1.3393982180377387e-05,1
6,0.6137339055793993,0.31901840490797545,0.16666666666666674,0.018149273612787745,0.13395225464190985,0.04175824175824176,0.00039301971219359765,1.4359692494323092e-05,1
7,0.6781115879828328,0.3435582822085889,0.16666666666666674,0.014402863922074679,0.04774535809018569,0.02197802197802198,0.00035436203558439133,1.2218334841660875e-05,1
8,0.6866952789699572,0.31901840490797545,0.1785714285714286,0.015443533280606086,0.06631299734748011,0.03296703296703297,0.00024805342490907394,9.111266875052955e-06,1
9,0.665236051502146,0.3987730061349693,0.1785714285714286,0.005786121633434625,0.030503978779840853,0.04373626373626374,7.087240711687826e-05,3.0650805616537593e-06,1
10,0.8025751072961376,0.3803680981595092,0.19047619047619058,0.02955500978229197,0.04376657824933688,0.038461538461538464,6.442946101534388e-06,3.317004991378726e-06,1
11,0.8154506437768243,0.39263803680981596,0.20238095238095244,0.033093285601298754,0.05968169761273211,0.039560439560439566,6.442946101534388e-06,3.1910427765162426e-06,1
12,0.8454935622317599,0.3803680981595092,0.20238095238095244,0.03688132206635308,0.053050397877984094,0.15164835164835166,6.442946101534388e-06,3.400979801287048e-06,1
13,0.6952789699570816,0.3987730061349693,0.20238095238095244,0.0287641010698081,0.05039787798408489,0.06373626373626375,6.442946101534388e-06,3.233030181470404e-06,1
14,0.7167381974248928,0.4294478527607362,0.19047619047619058,0.024892811056071266,0.05968169761273211,0.14285714285714288,6.442946101534388e-06,3.317004991378726e-06,1
15,0.8240343347639487,0.39263803680981596,0.20238095238095244,0.025683719768555133,0.04509283819628648,0.039560439560439566,9.664419152301583e-06,3.400979801287048e-06,1
16,0.665236051502146,0.4049079754601227,0.2142857142857143,0.023394247179786037,0.039787798408488076,0.14835164835164835,6.442946101534388e-06,3.317004991378726e-06,1
17,0.7510729613733909,0.3374233128834356,0.2142857142857143,0.0327602714065687,0.019893899204244034,0.02197802197802198,8.697977237071424e-05,6.7179847926657744e-06,1
18,0.8798283261802577,0.4233128834355828,0.3214285714285715,0.020272239104191816,0.15649867374005308,0.0,0.00041879149659973525,1.1924423006981749e-05,1
19,0.8369098712446355,0.34969325153374237,0.261904761904762,0.022311951046913376,0.16976127320954912,0.0,0.0007731535321841266,2.93491960629586e-05,1
20,0.8583690987124466,0.19631901840490798,0.2976190476190478,0.03180285559671981,0.19628647214854117,0.0,0.001610736525383597,5.24422687877472e-05,1
21,0.8583690987124466,0.4110429447852761,0.3214285714285715,0.0204803729758981,0.1631299734748011,0.0,0.00041879149659973525,1.78026597005643e-05,1
22,0.7939914163090132,0.26993865030674846,0.261904761904762,0.025683719768555133,0.16976127320954912,0.0,0.0009664419152301582,2.0951715072126383e-05,1
23,0.8369098712446355,0.3742331288343558,0.2500000000000001,0.015776547475336137,0.08355437665782495,0.0,0.0009664419152301582,2.0951715072126383e-05,1
24,0.8154506437768243,0.4049079754601227,0.22619047619047616,0.015901427798359905,0.05039787798408489,0.0,0.0009020124542148143,2.93491960629586e-05,1
25,0.8154506437768243,0.25153374233128833,0.33333333333333337,0.019939224909461765,0.2161803713527852,0.0,0.0007731535321841266,3.774667705379082e-05,1
26,0.4077253218884121,0.36809815950920244,0.2142857142857143,0.016817216833867544,0.0013262599469496023,0.02197802197802198,6.442946101534388e-06,2.6829951765708936e-05,0
27,0.4163090128755365,0.3435582822085889,0.20238095238095244,0.017608125546351414,0.007957559681697614,0.02197802197802198,9.664419152301583e-06,0.0002216515107530164,0
28,0.3991416309012877,0.3742331288343558,0.19047619047619058,0.0260999875119677,0.02122015915119364,0.018461538461538463,6.442946101534388e-06,4.86634023418727e-05,0
29,0.6909871244635195,0.3558282208588957,0.07142857142857151,0.01044832035965533,0.013262599469496024,0.05274725274725275,0.00015463070643682533,2.6326102906259003e-05,1
30,0.7081545064377683,0.3803680981595092,0.16666666666666674,0.014194730050368396,0.013262599469496024,0.03428571428571429,0.0013046965855607136,7.0958714372532245e-06,1
31,0.6909871244635195,0.3742331288343558,0.13095238095238104,0.018357407484494027,0.014588859416445625,0.04351648351648352,9.664419152301583e-06,1.809657153524343e-05,1
32,0.6995708154506439,0.3619631901840491,0.08333333333333337,0.011488989718186737,0.013262599469496024,0.028351648351648353,7.409388016764546e-05,4.6144158044623034e-05,1
33,0.30042918454935624,0.5214723926380368,0.2142857142857143,0.014090663114515258,0.006631299734748011,0.0,0.0013046965855607136,5.24422687877472e-05,0
34,0.24892703862660953,0.5398773006134969,0.2142857142857143,0.014090663114515258,0.006631299734748011,0.0,0.0013046965855607136,5.24422687877472e-05,0
35,0.26609442060085836,0.4969325153374233,0.20238095238095244,0.014090663114515258,0.010610079575596818,0.0,0.0013046965855607136,5.24422687877472e-05,0
36,0.29184549356223183,0.5153374233128835,0.2142857142857143,0.014090663114515258,0.010610079575596818,0.0,0.0013046965855607136,5.24422687877472e-05,0
37,0.2789699570815451,0.5337423312883435,0.2142857142857143,0.014090663114515258,0.009283819628647216,0.0,0.0013046965855607136,5.24422687877472e-05,0
38,0.2789699570815451,0.5030674846625767,0.20238095238095244,0.014090663114515258,0.011936339522546422,0.0,0.0013046965855607136,5.24422687877472e-05,0
39,0.2875536480686695,0.5337423312883435,0.16666666666666674,0.014090663114515258,0.011936339522546422,0.0,0.0013046965855607136,8.81735504037383e-07,0
40,0.4506437768240344,0.4233128834355828,0.1785714285714286,0.014090663114515258,0.06631299734748011,0.0,0.0013046965855607136,3.8082576293424107e-05,0
41,0.5965665236051503,0.33128834355828224,0.1428571428571429,0.014090663114515258,0.06763925729442971,0.0,0.0013046965855607136,6.713786052170358e-05,1
42,0.35193133047210307,0.4723926380368098,0.16666666666666674,0.014090663114515258,0.025198938992042445,0.0,0.0013046965855607136,7.389783271932352e-06,0
43,0.5364806866952792,0.5521472392638037,0.13095238095238104,0.008450235191275027,0.030503978779840853,0.008791208791208793,0.002139058105709417,5.31980420769221e-05,0
44,0.5364806866952792,0.49079754601226994,0.13095238095238104,0.011280855846480455,0.03315649867374006,0.0021978021978021982,0.012885892203068777,2.6410077716167323e-05,0
45,0.4935622317596568,0.5030674846625767,0.1428571428571429,0.010573200682679099,0.03183023872679046,0.0021978021978021982,0.0011919450287838618,2.5570329617084103e-05,0
46,0.5364806866952792,0.4785276073619632,0.13095238095238104,0.01169712358989302,0.03846153846153847,0.0021978021978021982,0.0013208039508145494,2.6410077716167323e-05,0
47,0.5364806866952792,0.4478527607361963,0.1428571428571429,0.009907172293218997,0.01591511936339523,0.0,0.0012885892203068777,2.5570329617084103e-05,0
48,0.703862660944206,0.4846625766871166,0.19047619047619058,0.010365066810972816,0.03580901856763927,0.0043956043956043965,0.007087240711687827,0.00018751575052528344,1
49,0.703862660944206,0.4478527607361963,0.19047619047619058,0.009865545518877743,0.039787798408488076,0.006593406593406593,0.009593546745184704,0.00021317005495227585,1
50,0.7081545064377683,0.4846625766871166,0.22619047619047616,0.01044832035965533,0.037135278514588865,0.0043956043956043965,0.007515696627439864,0.00017865640807995545,1
51,0.7081545064377683,0.4601226993865031,0.22619047619047616,0.011155975523456686,0.04244031830238727,0.0043956043956043965,0.008375829931994705,0.00020384885105245208,1
52,0.7081545064377683,0.38650306748466257,0.16666666666666674,0.016276068767431214,0.07029177718832892,0.006593406593406593,0.05118598530363994,0.00228125968596948,1
53,0.497854077253219,0.49079754601226994,0.1785714285714286,0.007243058735378596,0.04641909814323609,0.017582417582417586,0.01777286682108261,0.0003463541034668748,0
54,0.497854077253219,0.5030674846625767,0.1785714285714286,0.00707655163801357,0.04509283819628648,0.017582417582417586,0.016616357995857187,0.0003344716678648472,0
55,0.5965665236051503,0.5337423312883435,0.23809523809523825,0.014402863922074679,0.04509283819628648,0.03736263736263736,0.05567671873640941,0.001238586458742798,0
56,0.6008583690987126,0.5153374233128835,0.23809523809523825,0.01427798359905091,0.049071618037135285,0.039560439560439566,0.059059265439714966,0.0013365430745008557,0
57,0.5965665236051503,0.5214723926380368,0.23809523809523825,0.01519377263455855,0.053050397877984094,0.04395604395604396,0.06281872448996029,0.0013610637189940859,0
58,0.5107296137339057,0.5153374233128835,0.16666666666666674,0.01044832035965533,0.030503978779840853,0.008791208791208793,0.005048048270552193,0.0001291952450439537,0
59,0.570815450643777,0.5153374233128835,0.15476190476190477,0.010822961328726635,0.03183023872679046,0.01098901098901099,0.006913281166946398,0.0002736319180862678,0
60,0.515021459227468,0.5092024539877301,0.22619047619047616,0.012446405528035633,0.03580901856763927,0.0,0.008430594973857748,0.00016580826216398216,0
61,0.515021459227468,0.4785276073619632,0.261904761904762,0.014402863922074679,0.0570291777188329,0.0,0.10040365057326113,0.0019873478512903524,0
62,0.5236051502145924,0.4723926380368098,0.261904761904762,0.013736835532614577,0.049071618037135285,0.0,0.0563757783884259,0.0010776487355534986,0
63,0.2789699570815451,0.5276073619631901,0.20238095238095244,0.01044832035965533,0.02122015915119364,0.0,0.00022550311355370358,5.206438214315975e-06,0
64,0.6008583690987126,0.5153374233128835,0.2142857142857143,0.013820089081297091,0.030503978779840853,0.0,0.0038335529304129607,0.00013011896795294523,0
65,0.6180257510729614,0.4969325153374233,0.2142857142857143,0.01402822295300337,0.03315649867374006,0.0,0.010253948720591979,0.000392540248916452,0
66,0.6008583690987126,0.4969325153374233,0.2142857142857143,0.01402822295300337,0.02785145888594165,0.0,0.005154356881227511,0.00014422673601754334,0
67,0.5064377682403434,0.5030674846625767,0.2142857142857143,0.009615784872830203,0.02652519893899205,0.0,0.002126172213506348,8.531840686685534e-05,0
68,0.570815450643777,0.5092024539877301,0.22619047619047616,0.011322482620821712,0.030503978779840853,0.0,0.004777444534287749,0.0001665220480482029,0
69,0.609442060085837,0.4785276073619632,0.19047619047619058,0.015110519085876035,0.03448275862068966,0.0,0.021026554602357476,0.0008015395605749352,0
70,0.6180257510729614,0.4846625766871166,0.20238095238095244,0.015110519085876035,0.03315649867374006,0.0,0.012183611078001528,0.00048550036348496466,0
71,0.609442060085837,0.4478527607361963,0.16666666666666674,0.017191857802938852,0.030503978779840853,0.0,0.004452075756160262,0.0001919664154504245,0
72,0.5965665236051503,0.4969325153374233,0.20238095238095244,0.014444490696415936,0.02785145888594165,0.0,0.0059468392517162405,0.00020913926407667638,0
73,0.5836909871244638,0.4785276073619632,0.19047619047619058,0.009907172293218997,0.02785145888594165,0.0,0.004030062786509759,0.00011626312431807207,0
74,0.5793991416309014,0.4723926380368098,0.1785714285714286,0.010656454231361613,0.03183023872679046,0.0,0.008994352757742005,0.00039589924131278487,0
75,0.5751072961373391,0.4662576687116564,0.1785714285714286,0.009532531324147692,0.029177718832891254,0.0,0.005225229288344389,0.0001851644558478504,0
76,0.5793991416309014,0.4723926380368098,0.1785714285714286,0.010032052616242768,0.030503978779840853,0.0,0.005025497959196823,0.00015623513383443343,0
77,0.5965665236051503,0.4723926380368098,0.1785714285714286,0.009865545518877743,0.03183023872679046,0.0,0.00944858045790018,0.0003796921030004787,0
78,0.553648068669528,0.4785276073619632,0.19047619047619058,0.009407651001123923,0.03315649867374006,0.0,0.008627104829954546,0.00035731281615991085,0
79,0.6008583690987126,0.5030674846625767,0.2142857142857143,0.01302918036881322,0.030503978779840853,0.0,0.005492611551558065,0.00019658502999538222,0
80,0.5836909871244638,0.4969325153374233,0.2142857142857143,0.013986596178662113,0.029177718832891254,0.0,0.0038593247148190984,0.00011983205373917575,0
81,0.553648068669528,0.4785276073619632,0.19047619047619058,0.00919951712941764,0.02652519893899205,0.0,0.0035629491941485164,0.00010614415972411924,0
82,0.570815450643777,0.4785276073619632,0.19047619047619058,0.009490904549806434,0.02785145888594165,0.0,0.0032150301046656596,0.00010400280207145702,0
83,0.5751072961373391,0.4785276073619632,0.19047619047619058,0.009615784872830203,0.02785145888594165,0.0,0.003930197121935977,0.00011937019228467998,0
84,0.5751072961373391,0.4723926380368098,0.19047619047619058,0.009282770678100155,0.029177718832891254,0.0,0.00415570023548968,0.00012675997555661232,0
85,0.6008583690987126,0.49079754601226994,0.20238095238095244,0.014069849727344628,0.029177718832891254,0.0,0.0059468392517162405,0.00021296011792750505,0
86,0.515021459227468,0.4723926380368098,0.19047619047619058,0.010531573908337841,0.02785145888594165,0.0,0.003376103757204019,0.0001189083308301842,0
87,0.6866952789699572,0.45398773006134974,0.19047619047619058,0.011031095200432918,0.053050397877984094,0.017582417582417586,0.5359178137795289,0.012085318742766095,1
88,0.7253218884120174,0.45398773006134974,0.19047619047619058,0.013070807143154478,0.041114058355437674,0.015384615384615385,0.46155655134866974,0.019940490411210366,1
89,0.7639484978540774,0.4233128834355828,0.20238095238095244,0.011364109395162969,0.03448275862068966,0.017582417582417586,0.11079290116198534,0.0025730721504008997,1
90,0.7081545064377683,0.4110429447852761,0.1785714285714286,0.011488989718186737,0.04244031830238727,0.019780219780219783,0.3428194976434925,0.007197313007622478,1
91,0.7210300429184551,0.36809815950920244,0.19047619047619058,0.011822003912916788,0.03846153846153847,0.015384615384615385,0.4958394675549342,0.01406573867223901,1
92,0.6866952789699572,0.4110429447852761,0.20238095238095244,0.011655496815551763,0.053050397877984094,0.015384615384615385,0.9208033065199394,0.024615074166971982,1
93,0.6866952789699572,0.38650306748466257,0.20238095238095244,0.01144736294384548,0.04509283819628648,0.015384615384615385,0.3943630664557676,0.012011840784096313,1
94,0.6824034334763949,0.3742331288343558,0.2142857142857143,0.011780377138575531,0.039787798408488076,0.015384615384615385,1.0,0.022795633948093322,1
95,0.7124463519313307,0.38650306748466257,0.2142857142857143,0.01369520875827332,0.04244031830238727,0.013186813186813187,0.10120901883595293,0.003278460553630806,1
96,0.6824034334763949,0.4233128834355828,0.20238095238095244,0.07746742704907796,0.04641909814323609,0.017582417582417586,0.13449649986953036,0.003733352098904187,1
97,0.5064377682403434,0.44171779141104295,0.09523809523809523,0.007367939058402364,0.01724137931034483,0.03076923076923077,0.00047033506541201034,0.00023193842496678586,0
98,0.4849785407725323,0.4723926380368098,0.1071428571428572,0.009033010032052615,0.01591511936339523,0.03296703296703297,0.006855294652032589,0.001893589976027711,0
99,0.6266094420600861,0.4233128834355828,0.08333333333333337,0.009740665195853974,0.01724137931034483,0.05494505494505495,0.0018845617346988084,0.001105150485798474,1
100,0.5922746781115882,0.4601226993865031,0.08333333333333337,0.010781334554385381,0.014588859416445625,0.03736263736263736,0.04000425234442701,0.0039049966103567976,0
101,0.6394849785407726,0.4846625766871166,0.1071428571428572,0.008200474545227491,0.01591511936339523,0.05054945054945055,0.01755380665363044,0.005628033747460706,0
102,0.7381974248927041,0.36809815950920244,0.11904761904761907,0.010656454231361613,0.011936339522546422,0.04175824175824176,0.0014303340345406341,0.0003518964409208241,1
103,0.7081545064377683,0.4969325153374233,0.15476190476190477,0.007118178412354826,0.009283819628647216,0.026373626373626374,0.010914350695999253,0.005181203783938525,1
104,0.6566523605150216,0.4478527607361963,0.09523809523809523,0.005369853890022062,0.018567639257294436,0.008791208791208793,0.005325094952918171,0.002573911898499983,1
105,0.7210300429184551,0.43558282208588955,0.1071428571428572,0.010406693585314073,0.018567639257294436,0.03076923076923077,0.0038915394453267705,0.0003662981208201013,1
106,0.7596566523605153,0.31288343558282206,0.08333333333333337,0.008908129709028847,0.01724137931034483,0.03076923076923077,0.00963220442179391,0.007567264032673591,1
107,0.5407725321888415,0.4171779141104294,0.2142857142857143,0.005036839695292012,0.03846153846153847,0.06373626373626375,4.832209576150791e-05,1.620713831230618e-05,0
108,0.5836909871244638,0.4171779141104294,0.13095238095238104,0.01706697747991508,0.03580901856763927,0.03736263736263736,0.0013046965855607136,3.317004991378726e-06,0
109,0.570815450643777,0.36809815950920244,0.22619047619047616,0.009282770678100155,0.0649867374005305,0.039560439560439566,0.0004799994845643119,5.6934921117842436e-05,0
110,0.6223175965665237,0.4110429447852761,0.15476190476190477,0.016733963285185033,0.03580901856763927,0.03296703296703297,6.442946101534388e-06,3.317004991378726e-06,1
111,0.5665236051502147,0.4294478527607362,0.1428571428571429,0.02797319235732423,0.037135278514588865,0.03076923076923077,0.0013046965855607136,3.736879040920337e-06,0
112,0.5793991416309014,0.4294478527607362,0.1428571428571429,0.015027265537193524,0.03448275862068966,0.026373626373626374,1.2885892203068776e-05,4.576627140003559e-06,0
113,0.44206008583691,0.3742331288343558,0.2500000000000001,0.021312908462723223,0.07161803713527852,0.05054945054945055,0.0005895295682903965,5.7774669216925656e-05,0
114,0.4935622317596568,0.3803680981595092,0.23809523809523825,0.01744161844898639,0.0583554376657825,0.05054945054945055,0.000615301352696534,6.214135933215842e-05,0
115,0.5236051502145924,0.3742331288343558,0.22619047619047616,0.015568413603629854,0.07029177718832892,0.039560439560439566,0.0005508718916811901,5.273618062242633e-05,0
116,0.7939914163090132,0.4601226993865031,0.20238095238095244,0.026890896224451566,0.025198938992042445,0.05054945054945055,0.0025127489795984115,5.832050548132975e-05,1
117,0.7510729613733909,0.4601226993865031,0.20238095238095244,0.03201098946842609,0.02122015915119364,0.046153846153846156,0.002867111015182803,6.125962382812104e-05,1
118,0.8068669527896999,0.3619631901840491,0.23809523809523825,0.020064105232485537,0.01724137931034483,0.008791208791208793,0.0016687230402974065,4.656403209416465e-05,1
119,0.811158798283262,0.44171779141104295,0.23809523809523825,0.03650668109728177,0.02254641909814324,0.0043956043956043965,0.0025514066562076177,6.222533414206674e-05,1
120,0.8154506437768243,0.43558282208588955,0.22619047619047616,0.028264579777713024,0.02254641909814324,0.0043956043956043965,0.0017331525013127504,4.6144158044623034e-05,1
121,0.8025751072961376,0.3803680981595092,0.23809523809523825,0.019731091037755485,0.01591511936339523,0.01098901098901099,0.0021841587284201574,5.24422687877472e-05,1
122,0.30472103004291856,0.32515337423312884,0.2142857142857143,0.03475835657494901,0.13660477453580905,0.0,0.0013046965855607136,5.24422687877472e-05,0
123,0.665236051502146,0.4110429447852761,0.2142857142857143,0.03130333430462474,0.03183023872679046,0.04395604395604396,9.020124542148144e-05,2.5612317022038264e-05,1
124,0.2875536480686695,0.3435582822085889,0.2142857142857143,0.03459184947758398,0.12334217506631302,0.0,0.0013046965855607136,5.24422687877472e-05,0
125,0.7682403433476397,0.34969325153374237,0.2857142857142857,0.04300045789451775,0.018567639257294436,0.026373626373626374,3.543620355843913e-05,5.080475999453492e-06,1
126,0.6180257510729614,0.4171779141104294,0.19047619047619058,0.028597593972443075,0.009283819628647216,0.013186813186813187,6.442946101534388e-06,7.868439688409789e-05,0
127,0.7339055793991418,0.4294478527607362,0.1785714285714286,0.026224867834991467,0.005305039787798409,0.008791208791208793,6.442946101534388e-06,6.768369678610768e-05,1
128,0.6566523605150216,0.44171779141104295,0.20238095238095244,0.026224867834991467,0.006631299734748011,0.015384615384615385,6.442946101534388e-06,7.343597126482775e-05,1
129,0.7682403433476397,0.4171779141104294,0.22619047619047616,0.03242725721183865,0.03580901856763927,0.04395604395604396,0.00011597302982761898,3.606718085562437e-05,1
130,0.665236051502146,0.3374233128834356,0.15476190476190477,0.6146193231486491,0.006631299734748011,0.015384615384615385,6.442946101534388e-06,6.083974977857942e-05,1
131,0.39484978540772536,0.3987730061349693,0.22619047619047616,0.014090663114515258,0.011936339522546422,0.0,0.025449637101060834,0.001469517185990684,0
132,0.35193133047210307,0.4723926380368098,0.22619047619047616,0.014090663114515258,0.014588859416445625,0.0,0.0035436203558439133,0.0002732540314416803,0
133,0.5064377682403434,0.4723926380368098,0.1428571428571429,0.017733005869375183,0.013262599469496024,0.0043956043956043965,2.8993257456904745e-05,7.557732891748996e-07,0
134,0.5665236051502147,0.4601226993865031,0.1785714285714286,0.01215501810764684,0.01724137931034483,0.0043956043956043965,3.543620355843913e-05,8.397480990832218e-07,0
135,0.6437768240343349,0.5705521472392638,0.15476190476190477,0.014090663114515258,0.029177718832891254,0.013186813186813187,0.0013046965855607136,0.0004199580243515192,0
136,0.6437768240343349,0.07361963190184048,0.1428571428571429,0.014090663114515258,0.2254641909814324,0.19780219780219782,0.0013046965855607136,0.5043036670203965,1
137,0.6437768240343349,0.08588957055214723,0.15476190476190477,0.014090663114515258,0.22679045092838201,0.2021978021978022,0.0013046965855607136,0.9999999999999999,1
138,0.6223175965665237,0.24539877300613497,0.16666666666666674,0.006535403571577238,0.1074270557029178,0.0,0.14028226546870823,0.00309556341765048,1
139,0.6223175965665237,0.22699386503067487,0.1428571428571429,0.009740665195853974,0.1193633952254642,0.0,0.17249699597638016,0.00492394695378438,1
140,0.6351931330472105,0.27607361963190186,0.1428571428571429,0.010073679390584022,0.09018567639257295,0.0,0.11216524868161216,0.0027291393346155165,1
141,0.6137339055793993,0.4969325153374233,0.22619047619047616,0.02010573200682679,0.029177718832891254,0.039560439560439566,0.009261735020955683,0.0002508327571961583,0
142,0.6437768240343349,0.08588957055214723,0.1428571428571429,0.014090663114515258,0.5039787798408489,0.013186813186813187,0.0013046965855607136,0.780125942060908,1
143,0.7253218884120174,0.33128834355828224,0.16666666666666674,0.014777504891145984,0.010610079575596818,0.0021978021978021982,0.002941204895350448,0.00015111267043002577,1
144,0.7381974248927041,0.3558282208588957,0.16666666666666674,0.010781334554385381,0.010610079575596818,0.0021978021978021982,0.003456640583473199,0.00014829951429809696,1
145,0.7811158798283264,0.43558282208588955,0.19047619047619058,0.015693293926653622,0.037135278514588865,0.028571428571428574,0.0013046965855607136,6.713786052170358e-05,1
146,0.6952789699570816,0.38650306748466257,0.22619047619047616,0.02222869749823086,0.03580901856763927,0.013186813186813187,0.002306574704349311,0.00012382085720982105,1
147,0.7081545064377683,0.4233128834355828,0.11904761904761907,0.06331432377305082,0.09416445623342176,0.2,0.00018040249084296287,3.304408769892478e-05,1
148,0.811158798283262,0.4049079754601227,0.16666666666666674,0.04204304208466886,0.05437665782493369,0.028571428571428574,0.0001481877603352909,4.244926640865686e-05,1
149,0.6695278969957084,0.26993865030674846,0.1785714285714286,0.017816259418057694,0.04774535809018569,0.01098901098901099,0.003540398882793146,0.0001910007051364788,1
150,0.6738197424892705,0.34969325153374237,0.19047619047619058,0.013778462306955834,0.02652519893899205,0.008791208791208793,0.0013852334118298934,7.318404683510278e-05,1
151,0.703862660944206,0.4110429447852761,0.16666666666666674,0.0016234441993089955,0.002652519893899205,0.017582417582417586,0.00018684543694449726,3.9888034706453035e-06,1
152,0.6351931330472105,0.44171779141104295,0.1428571428571429,0.007492819381426132,0.011936339522546422,0.006593406593406593,0.0011371799869208195,6.201539711729594e-05,0
153,0.6566523605150216,0.44171779141104295,0.19047619047619058,0.010822961328726635,0.01591511936339523,0.006593406593406593,0.00099865664573783,5.6934921117842436e-05,1
154,0.6523605150214593,0.44171779141104295,0.19047619047619058,0.009449277775465177,0.014588859416445625,0.006593406593406593,0.0009922136996362958,5.64310722583925e-05,1
155,0.6523605150214593,0.3374233128834356,0.16666666666666674,0.01011530616492528,0.02785145888594165,0.006593406593406593,0.0020842930638463745,0.00011403779185550152,1
156,0.609442060085837,0.45398773006134974,0.16666666666666674,0.004121050659784373,0.006631299734748011,0.0043956043956043965,0.0006346301910011372,1.7088873816343562e-05,0
157,0.5965665236051503,0.4969325153374233,0.16666666666666674,0.0028722474295466843,0.006631299734748011,0.006593406593406593,0.03758492608330085,0.0015890973153001348,0
158,0.6051502145922749,0.4601226993865031,0.16666666666666674,0.0069932980893310575,0.011936339522546422,0.006593406593406593,0.021303601284723455,0.0008792582471450874,0
159,0.6995708154506439,0.44171779141104295,0.19047619047619058,0.005078466469633268,0.02254641909814324,0.0043956043956043965,0.04867323632404153,0.0013649265602498687,1
160,0.7210300429184551,0.38650306748466257,0.2142857142857143,0.02147941556008825,0.01724137931034483,0.008791208791208793,0.05018410718485135,0.0015005038908468549,1
161,0.7253218884120174,0.44171779141104295,0.19047619047619058,0.011031095200432918,0.02122015915119364,0.006593406593406593,0.05849550765583071,0.0017879076777580875,1
162,0.6995708154506439,0.3619631901840491,0.2142857142857143,0.016775590059526287,0.009283819628647216,0.0043956043956043965,0.040049352967137755,0.001030832779029609,1
163,0.7167381974248928,0.39263803680981596,0.2142857142857143,0.018399034258835285,0.009283819628647216,0.0043956043956043965,0.07239616386989114,0.0018538279035361204,1
164,0.11587982832618021,0.5460122699386504,0.09523809523809523,0.003912916788078091,0.0013262599469496023,0.006593406593406593,1.610736525383597e-05,3.358992396332887e-07,0
165,0.2875536480686695,0.4846625766871166,0.1428571428571429,0.010656454231361613,0.005305039787798409,0.03296703296703297,1.9328838304603166e-05,8.81735504037383e-07,0
166,0.5493562231759659,0.4723926380368098,0.16666666666666674,0.010947841651750407,0.011936339522546422,0.006593406593406593,3.543620355843913e-05,7.977606941290608e-07,0
167,0.5751072961373391,0.4601226993865031,0.16666666666666674,0.012862673271448195,0.01591511936339523,0.006593406593406593,2.8993257456904745e-05,7.977606941290608e-07,0
168,0.29613733905579404,0.4846625766871166,0.11904761904761907,0.008450235191275027,0.006631299734748011,0.03296703296703297,1.610736525383597e-05,6.717984792665774e-07,0
169,0.4892703862660945,0.4969325153374233,0.15476190476190477,0.019522957166049203,0.011936339522546422,0.008791208791208793,2.5771784406137552e-05,6.717984792665774e-07,0
170,0.5278969957081547,0.4846625766871166,0.15476190476190477,0.017816259418057694,0.01591511936339523,0.006593406593406593,2.5771784406137552e-05,6.717984792665774e-07,0
171,0.0,0.5705521472392638,0.07142857142857151,0.0017899512966740205,0.0,0.006593406593406593,1.2885892203068776e-05,2.939118346791276e-07,0
172,0.03004291845493562,0.5705521472392638,0.07142857142857151,0.001956458394039046,0.0013262599469496023,0.008791208791208793,6.442946101534388e-06,2.939118346791276e-07,0
173,0.09012875536480686,0.5521472392638037,0.08333333333333337,0.00516172001831578,0.0013262599469496023,0.006593406593406593,9.664419152301583e-06,3.358992396332887e-07,0
174,0.5622317596566526,0.4110429447852761,0.1428571428571429,0.02776505848561795,0.6485411140583556,0.14945054945054945,0.2613420012434886,0.005899188408654679,1
175,0.5922746781115882,0.06748466257668712,0.13095238095238104,0.06077509053823419,1.0000000000000002,0.013186813186813187,0.5610742968329698,0.010496809251135318,1
176,0.4120171673819744,0.049079754601226995,0.13095238095238104,0.022769845564667195,0.31564986737400536,0.0,0.018336624604966868,0.0003421553629714587,0
177,0.6995708154506439,0.39263803680981596,0.15476190476190477,0.02235357782125463,0.03448275862068966,0.04395604395604396,6.442946101534388e-05,8.817355040373829e-06,1
178,0.6609442060085837,0.4601226993865031,0.1785714285714286,0.013403821337884526,0.005305039787798409,0.0,0.0013046965855607136,4.198740495416109e-08,1
179,0.703862660944206,0.45398773006134974,0.23809523809523825,0.013820089081297091,0.006631299734748011,0.0,0.0013046965855607136,8.397480990832216e-08,1
180,0.7296137339055795,0.4110429447852761,0.261904761904762,0.007451192607084877,0.037135278514588865,0.0,0.01014764010991666,0.00055881037253493,1
181,0.5793991416309014,0.43558282208588955,0.2142857142857143,0.014444490696415936,0.039787798408488076,0.0,0.011532873521746555,0.0006423653083937105,0
182,0.6738197424892705,0.4478527607361963,0.19047619047619058,0.019814344586437996,0.03315649867374006,0.02197802197802198,0.0013046965855607136,1.0958712693036044e-05,1
183,0.6952789699570816,0.09202453987730061,0.22619047619047616,0.2683261874037381,0.03315649867374006,0.1186813186813187,0.0013046965855607136,6.713786052170358e-05,1
184,0.6738197424892705,0.3435582822085889,0.1785714285714286,0.011572243266869248,0.007957559681697614,0.013186813186813187,1.2885892203068776e-05,1.6794961981664436e-07,1
185,0.7081545064377683,0.44171779141104295,0.19047619047619058,0.012446405528035633,0.02254641909814324,0.026373626373626374,0.0013046965855607136,9.867040164227855e-06,1
186,0.7424892703862662,0.36809815950920244,0.19047619047619058,0.01090621487740915,0.007957559681697614,0.008791208791208793,1.2885892203068776e-05,1.6794961981664436e-07,1
187,0.6909871244635195,0.3619631901840491,0.2500000000000001,0.021104774591016943,0.023872679045092843,0.013186813186813187,4.1879149659973525e-05,2.6913926575617256e-05,1
188,0.609442060085837,0.32515337423312884,0.22619047619047616,0.023685634600174834,0.014588859416445625,0.015384615384615385,1.2885892203068776e-05,5.458362644040942e-07,1
189,0.6051502145922749,0.5030674846625767,0.1428571428571429,0.027348790742205385,0.023872679045092843,0.019780219780219783,0.0013046965855607136,5.24422687877472e-05,0
190,0.6437768240343349,0.44171779141104295,0.1428571428571429,0.023310993631103526,0.025198938992042445,0.0,0.0013046965855607136,5.24422687877472e-05,1
191,0.6781115879828328,0.4110429447852761,0.1428571428571429,0.023685634600174834,0.025198938992042445,0.0,0.0013046965855607136,5.24422687877472e-05,1
192,0.6566523605150216,0.31901840490797545,0.22619047619047616,0.021521042334429506,0.010610079575596818,0.013186813186813187,1.2885892203068776e-05,3.778866445874498e-07,1
193,0.6394849785407726,0.44171779141104295,0.16666666666666674,0.04687174790825459,0.03183023872679046,0.03736263736263736,0.0013046965855607136,5.24422687877472e-05,1
194,0.7510729613733909,0.0,0.11904761904761907,0.061108104732964234,0.5278514588859416,1.0,0.00013208039508145496,6.713786052170358e-05,1
195,0.7081545064377683,0.4233128834355828,0.20238095238095244,0.03892103400907464,0.03315649867374006,0.03516483516483517,0.0013046965855607136,6.713786052170358e-05,1
196,0.6995708154506439,0.4294478527607362,0.1785714285714286,0.03392582108812388,0.03315649867374006,0.04175824175824176,0.0013046965855607136,6.713786052170358e-05,1
197,0.6995708154506439,0.3987730061349693,0.19047619047619058,0.038005244973567,0.03315649867374006,0.04175824175824176,0.0013046965855607136,6.713786052170358e-05,1
198,0.6480686695278972,0.33128834355828224,0.20238095238095244,0.018732048453565332,0.009283819628647216,0.013186813186813187,1.2885892203068776e-05,2.519244297249665e-07,1
199,0.6695278969957084,0.31901840490797545,0.23809523809523825,0.02281147233900845,0.009283819628647216,0.01098901098901099,1.2885892203068776e-05,2.0993702477080543e-07,1
200,0.5965665236051503,0.4969325153374233,0.1428571428571429,0.027848312034300462,0.02122015915119364,0.017582417582417586,0.0013046965855607136,5.24422687877472e-05,0
201,0.6781115879828328,0.33128834355828224,0.15476190476190477,0.023644007825833577,0.06631299734748011,0.07252747252747253,0.00015463070643682533,2.6536039931029808e-05,1
202,0.5364806866952792,0.5153374233128835,0.1428571428571429,0.03213586979144986,0.025198938992042445,0.019780219780219783,0.0013046965855607136,5.24422687877472e-05,0
203,0.6995708154506439,0.4662576687116564,0.20238095238095244,0.012737792948424427,0.005305039787798409,0.0,0.0013046965855607136,0.0,1
204,0.6995708154506439,0.4049079754601227,0.1785714285714286,0.0343837156058777,0.049071618037135285,0.039560439560439566,0.0013046965855607136,1.318404515560658e-05,1
205,0.5751072961373391,0.3803680981595092,0.16666666666666674,0.01519377263455855,0.013262599469496024,0.01098901098901099,1.2885892203068776e-05,2.0993702477080543e-07,0
206,0.7510729613733909,0.34969325153374237,0.2142857142857143,0.014527744245098447,0.007957559681697614,0.013186813186813187,0.0013046965855607136,1.2596221486248326e-07,1
207,0.5450643776824036,0.14723926380368096,0.22619047619047616,0.06481288764933604,0.09416445623342176,0.019780219780219783,4.1879149659973525e-05,3.703289116957008e-05,1
208,0.6566523605150216,0.34969325153374237,0.20238095238095244,0.011114348749115429,0.007957559681697614,0.01098901098901099,0.0013046965855607136,1.6794961981664436e-07,1
209,0.6609442060085837,0.3435582822085889,0.20238095238095244,0.009407651001123923,0.009283819628647216,0.01098901098901099,1.2885892203068776e-05,2.0993702477080543e-07,1
210,0.44206008583691,0.4601226993865031,0.13095238095238104,0.001956458394039046,0.023872679045092843,0.01098901098901099,0.00912643315282346,0.00028127362578792513,0
211,0.6137339055793993,0.3987730061349693,0.11904761904761907,0.006493776797235983,0.019893899204244034,0.017582417582417586,0.00405261309786513,6.419874217491232e-05,0
212,0.6523605150214593,0.43558282208588955,0.09523809523809523,0.010323440036631562,0.014588859416445625,0.03076923076923077,0.001362683100474523,9.736879208869957e-05,1
213,0.5922746781115882,0.4969325153374233,0.04761904761904767,0.0007909087124838695,0.014588859416445625,0.008791208791208793,0.0010244284301439677,0.00019301610057427854,0
214,0.5793991416309014,0.4723926380368098,0.0357142857142857,0.005744494859093369,0.014588859416445625,0.03516483516483517,0.0028187889194212948,0.0012410217282301393,0
215,0.6223175965665237,0.4723926380368098,0.07142857142857151,0.004911959372268243,0.013262599469496024,0.028571428571428574,0.0014979849686067453,0.0004961651643433216,0
216,0.6437768240343349,0.4478527607361963,0.023809523809523836,0.004121050659784373,0.019893899204244034,0.013186813186813187,0.000563757783884259,2.5780266641854908e-05,1
217,0.703862660944206,0.3558282208588957,0.09523809523809523,0.00753444615576739,0.014588859416445625,0.03516483516483517,0.0007344958555749202,4.7529742408110355e-05,1
218,0.7939914163090132,0.32515337423312884,0.059523809523809534,0.0038712900137368358,0.02785145888594165,0.017582417582417586,0.004123485504982008,0.0026359272956172786,1
219,0.30042918454935624,0.3803680981595092,0.059523809523809534,0.004121050659784373,0.018567639257294436,0.028571428571428574,0.004042948678712828,0.00012487054233367508,0
220,0.1974248927038627,0.38650306748466257,0.059523809523809534,0.0040377971111018604,0.010610079575596818,0.03076923076923077,0.019483469011039988,0.0013425052860043466,0
221,0.12017167381974253,0.3006134969325154,0.059523809523809534,0.005744494859093369,0.019893899204244034,0.039560439560439566,0.00205529980638947,0.00028295312198609154,0
222,0.7210300429184551,0.4110429447852761,0.13095238095238104,0.005286600341339549,0.037135278514588865,0.006593406593406593,0.5472219627146709,0.014464619019303541,1
223,0.7854077253218887,0.4662576687116564,0.15476190476190477,0.004245930982808142,0.029177718832891254,0.006593406593406593,0.015166695123011949,0.0006577746860118877,1
224,0.5364806866952792,0.4723926380368098,0.08333333333333337,0.01315406069183699,0.007957559681697614,0.03076923076923077,0.004928853767673807,0.00023626312767706446,0
225,0.553648068669528,0.18404907975460122,0.15476190476190477,0.014090663114515258,0.43766578249336885,0.0,0.0013046965855607136,6.713786052170358e-05,1
226,0.1974248927038627,0.4723926380368098,0.15476190476190477,0.007909087124838697,0.01591511936339523,0.0,0.0013046965855607136,5.24422687877472e-05,0
227,0.5193133047210301,0.17177914110429446,0.09523809523809523,0.014111476501685885,0.24137931034482762,0.0,0.0013046965855607136,5.24422687877472e-05,1
228,0.5622317596566526,0.049079754601226995,0.059523809523809534,0.02127128168838197,0.49469496021220166,0.0,0.0013046965855607136,5.24422687877472e-05,1
229,0.5493562231759659,0.14723926380368096,0.1071428571428572,0.02776505848561795,0.4708222811671089,0.0,0.0013046965855607136,5.24422687877472e-05,1
230,0.5665236051502147,0.11042944785276074,0.11904761904761907,0.031719602048037296,0.40053050397877993,0.0,0.0013046965855607136,5.24422687877472e-05,1
231,0.5064377682403434,0.4846625766871166,0.09523809523809523,0.014444490696415936,0.08222811671087535,0.0,0.0013046965855607136,5.24422687877472e-05,0
232,0.703862660944206,0.4233128834355828,0.20238095238095244,0.014652624568122215,0.05172413793103449,0.006593406593406593,0.009020124542148143,0.00022064381303411653,1
233,0.5278969957081547,0.4110429447852761,0.1428571428571429,0.07576072930108645,0.9535809018567639,0.16043956043956045,0.7844286878618117,0.0097620296644375,1
234,0.703862660944206,0.3803680981595092,0.19047619047619058,0.011530616492527995,0.0649867374005305,0.006593406593406593,0.009522674338067826,0.0002122463320432843,1
235,0.5321888412017168,0.49079754601226994,0.20238095238095244,0.011072721974774175,0.03183023872679046,0.0,0.015920519816891472,0.00024172149032110538,0
236,0.5493562231759659,0.20245398773006135,0.2500000000000001,0.019522957166049203,0.4814323607427057,0.0,0.4426851622172755,0.009412148618954475,1
237,0.6995708154506439,0.4478527607361963,0.8214285714285715,0.008242101319568745,0.04641909814323609,0.0021978021978021982,0.006971267681860208,0.000185836254327117,1
238,0.5364806866952792,0.4785276073619632,0.22619047619047616,0.010781334554385381,0.03580901856763927,0.0,0.02029528021983332,0.0004278936438878556,0
239,0.6566523605150216,0.5337423312883435,0.2142857142857143,0.014694251342463473,0.03315649867374006,0.028571428571428574,0.0020327494950340996,7.885234650391453e-05,0
240,0.6609442060085837,0.49079754601226994,0.20238095238095244,0.017275111351621363,0.041114058355437674,0.03516483516483517,0.006829522867626451,0.00016370889191627409,1
241,0.6223175965665237,0.15950920245398773,0.15476190476190477,0.022020563626524582,0.12334217506631302,0.08791208791208792,0.26673796860352367,0.004967068018672303,1
242,0.5236051502145924,0.4723926380368098,0.22619047619047616,0.011822003912916788,0.041114058355437674,0.0,0.03570358582165281,0.0006857382977113589,0
243,0.5321888412017168,0.4785276073619632,0.2142857142857143,0.011114348749115429,0.037135278514588865,0.0,0.02228292909215668,0.00047370190269284537,0
244,0.44206008583691,0.4601226993865031,0.20238095238095244,0.018274153935811513,0.04244031830238727,0.008791208791208793,0.001910333519104946,4.929321341618512e-05,0
245,0.4506437768240344,0.43558282208588955,0.2142857142857143,0.01660908296216126,0.03448275862068966,0.006593406593406593,0.000747381747777989,2.0699790642401416e-05,0
246,0.42060085836909883,0.5644171779141104,0.16666666666666674,0.006160762602505932,0.03315649867374006,0.015384615384615385,0.014577165554721553,0.000304702597752347,0
247,0.5364806866952792,0.4723926380368098,0.2142857142857143,0.01869042167922408,0.03580901856763927,0.006593406593406593,0.0006539590293057404,1.9062281849189134e-05,0
248,0.47639484978540786,0.4601226993865031,0.2142857142857143,0.020397119427215584,0.04244031830238727,0.008791208791208793,0.001878118788597274,4.937718822609344e-05,0
249,0.5450643776824036,0.5276073619631901,0.22619047619047616,0.00919951712941764,0.02652519893899205,0.0,0.0035919424516054213,0.00010211336884851978,0
250,0.6008583690987126,0.4662576687116564,0.2142857142857143,0.010281813262290305,0.029177718832891254,0.013186813186813187,0.004146035816337379,9.934220012154515e-05,0
251,0.6008583690987126,0.4846625766871166,0.2142857142857143,0.010073679390584022,0.02785145888594165,0.013186813186813187,0.0049127464024199706,0.00011051084983935199,0
252,0.5193133047210301,0.4969325153374233,0.2142857142857143,0.008033967447862465,0.02254641909814324,0.0,0.002245366716384734,6.43247043897748e-05,0
253,0.3648068669527898,0.5030674846625767,0.15476190476190477,0.008783249386005079,0.025198938992042445,0.0,0.0022872458660447076,6.575227615821627e-05,0
254,0.5364806866952792,0.5092024539877301,0.20238095238095244,0.00886650293468759,0.02652519893899205,0.0,0.0015559714835205547,6.629811242262036e-05,0
255,0.5450643776824036,0.4723926380368098,0.1785714285714286,0.010781334554385381,0.02652519893899205,0.0,0.0027318091470505805,9.094471913071292e-05,0
256,0.5064377682403434,0.5276073619631901,0.2142857142857143,0.008283728093910002,0.023872679045092843,0.0,0.0018716758424957398,6.533240210867466e-05,0
257,0.5364806866952792,0.5153374233128835,0.2142857142857143,0.00865836906298131,0.02122015915119364,0.0,0.0016977162977543112,5.475157606022606e-05,0
258,0.5450643776824036,0.4846625766871166,0.20238095238095244,0.010947841651750407,0.025198938992042445,0.0,0.002889661326538173,9.724282987383709e-05,0
259,0.5407725321888415,1.0,0.2142857142857143,0.009574158098488949,0.023872679045092843,0.0,0.002477312776039972,6.944716779418245e-05,0
260,0.570815450643777,0.49079754601226994,0.13095238095238104,0.01277941972276568,0.023872679045092843,0.0,0.0017138236630081473,4.950315044095592e-05,0
261,0.5107296137339057,0.3987730061349693,0.1428571428571429,0.011655496815551763,0.04376657824933688,0.0,0.006120798796457668,0.00021094472248970532,0
262,0.5493562231759659,0.25766871165644173,0.11904761904761907,0.015776547475336137,0.09151193633952255,0.0,0.007924823704887297,0.00032074178644483654,0
263,0.6480686695278972,0.26380368098159507,0.09523809523809523,0.017108604254256338,0.39522546419098153,0.0,0.005444289455796558,0.000265864248169748,1
264,0.5493562231759659,0.49079754601226994,0.20238095238095244,0.01044832035965533,0.029177718832891254,0.0,0.004348988618535712,0.0001364170786960694,0
265,0.5836909871244638,0.26993865030674846,0.1071428571428572,0.013778462306955834,0.05968169761273211,0.0,0.00547650418630423,0.0001868019646410627,1
266,0.497854077253219,0.4969325153374233,0.2142857142857143,0.00786746035049744,0.02122015915119364,0.0,0.002322682069603147,5.273618062242633e-05,0
267,0.34334763948497865,0.5276073619631901,0.2142857142857143,0.012446405528035633,0.025198938992042445,0.0,0.001610736525383597,3.984604730149887e-05,0
268,0.5364806866952792,0.4846625766871166,0.1785714285714286,0.011655496815551763,0.02652519893899205,0.0,0.0023838900575677236,7.721483771070225e-05,0
269,0.3218884120171674,0.5398773006134969,0.22619047619047616,0.012529659076718144,0.023872679045092843,0.0,0.001610736525383597,3.774667705379082e-05,0
270,0.5064377682403434,0.3435582822085889,0.13095238095238104,0.012113391333305582,0.04376657824933688,0.0,0.006442946101534388,0.0002334079841401815,0
271,0.6137339055793993,0.4294478527607362,0.13095238095238104,0.0060358822794821625,0.023872679045092843,0.0,0.00215838694401402,8.347096104887225e-05,0
272,0.5579399141630903,0.43558282208588955,0.15476190476190477,0.007159805186696083,0.023872679045092843,0.0,0.0028993257456904746,9.128061837034621e-05,0
273,0.5879828326180259,0.43558282208588955,0.13095238095238104,0.007326312284061109,0.025198938992042445,0.0,0.002377447111466189,7.889433390886869e-05,0
274,0.5665236051502147,0.4785276073619632,0.1785714285714286,0.011946884235940557,0.029177718832891254,0.0,0.004832209576150791,0.00012520644157330838,0
275,0.4463519313304721,0.33128834355828224,0.1428571428571429,0.01519377263455855,0.041114058355437674,0.0,0.006120798796457668,0.0002469699159403755,0
276,0.5665236051502147,0.4723926380368098,0.1785714285714286,0.01223827165632935,0.02785145888594165,0.0,0.003865767660920633,0.00011122463572357273,0
277,0.6309012875536482,0.27607361963190186,0.1071428571428572,0.010406693585314073,0.06763925729442971,0.0,0.0038077811460068235,0.00012730581182101642,1
278,0.34334763948497865,0.4478527607361963,0.1785714285714286,0.010365066810972816,0.03448275862068966,0.0,0.004510062271074072,0.0001679076324116902,0
279,0.5493562231759659,0.4294478527607362,0.13095238095238104,0.008824876160346336,0.030503978779840853,0.0,0.004326438307180341,0.0001325122500353324,0
280,0.6480686695278972,0.12883435582822086,0.07142857142857151,0.017566498772010157,0.11140583554376658,0.0,0.012457436287316739,0.0006031910595714783,1
281,0.5579399141630903,0.44171779141104295,0.15476190476190477,0.010822961328726635,0.02652519893899205,0.0,0.003366439338051718,0.00011542337621898883,0
282,0.7424892703862662,0.12883435582822086,0.1071428571428572,0.01739999167464513,0.14323607427055707,0.0,0.01610736525383597,0.0006717564918616233,1
283,0.6008583690987126,0.49079754601226994,0.19047619047619058,0.009865545518877743,0.019893899204244034,0.0,0.002393554476720025,9.791462835310366e-05,0
284,0.5193133047210301,0.5153374233128835,0.19047619047619058,0.011114348749115429,0.023872679045092843,0.0,0.0019199979382572476,5.874037953087136e-05,0
285,0.6480686695278972,0.4233128834355828,0.19047619047619058,0.01844066103317654,0.01724137931034483,0.06153846153846154,0.0013046965855607136,6.004198908445036e-06,1
286,0.5064377682403434,0.4846625766871166,0.1785714285714286,0.010864588103067892,0.02652519893899205,0.0,0.0026641582129844693,0.00010354094061696125,0
287,0.4506437768240344,0.49079754601226994,0.19047619047619058,0.010406693585314073,0.025198938992042445,0.0,0.0019328838304603164,6.923723076941164e-05,0
288,0.7424892703862662,0.12883435582822086,0.11904761904761907,0.016359322316113725,0.12599469496021223,0.0,0.009181198194686503,0.0005268999447697676,1
289,0.5236051502145924,0.3558282208588957,0.1071428571428572,0.025017691379095035,0.07692307692307693,0.0945054945054945,0.004671135923612431,0.00017097271297334397,0
290,0.3648068669527898,0.29447852760736193,0.15476190476190477,0.04374973983266037,0.28912466843501333,0.07912087912087913,0.09825492804839941,0.0022042967726885027,0
291,0.5364806866952792,0.3374233128834356,0.11904761904761907,0.027723431711276694,0.12997347480106103,0.1098901098901099,0.006507375562549732,0.00022807558371100304,0
292,0.5793991416309014,0.31288343558282206,0.13095238095238104,0.05561337051991841,0.31167108753315653,0.12967032967032968,0.08805252289661972,0.0021133100661528356,1
293,0.609442060085837,0.3374233128834356,0.13095238095238104,0.029388502684926945,0.12997347480106103,0.13406593406593406,0.03919566260868445,0.0012315745621154532,1
294,0.6223175965665237,0.3067484662576687,0.15476190476190477,0.03896266078341589,0.213527851458886,0.13406593406593406,0.03597418955791726,0.0009096991157368542,1
295,0.4935622317596568,0.3006134969325154,0.16666666666666674,0.056029638263330975,0.36206896551724144,0.16923076923076924,0.13691260465760574,0.003023051169294644,0
296,0.5922746781115882,0.3067484662576687,0.11904761904761907,0.042792324022811475,0.2533156498673741,0.13626373626373628,0.06915536198081935,0.0016598460926478963,1
297,0.5493562231759659,0.32515337423312884,0.1071428571428572,0.03875452691170961,0.1737400530503979,0.12967032967032968,0.010202405151779703,0.0002994541721330769,0
298,0.38626609442060095,0.3006134969325154,0.16666666666666674,0.05740332181659243,0.2758620689655173,0.09230769230769231,0.09020124542148143,0.0020783345578260196,0
299,0.47210300429184554,0.25153374233128833,0.1428571428571429,0.040627731757066146,0.30238726790450937,0.13406593406593406,0.1127515567768518,0.0024142337974593082,0
300,0.4077253218884121,0.29447852760736193,0.13095238095238104,0.03392582108812388,0.2228116710875332,0.1032967032967033,0.06604019754072747,0.0015954794008531672,0
301,0.9484978540772535,0.24539877300613497,0.059523809523809534,0.013778462306955834,0.037135278514588865,0.017582417582417586,1.2885892203068776e-05,3.358992396332887e-07,1
302,0.5622317596566526,0.4785276073619632,0.1785714285714286,0.01402822295300337,0.014588859416445625,0.008791208791208793,2.8993257456904745e-05,6.717984792665774e-07,0
303,0.5751072961373391,0.4723926380368098,0.16666666666666674,0.013112433917495732,0.014588859416445625,0.006593406593406593,3.865767660920633e-05,8.81735504037383e-07,0
304,0.6008583690987126,0.4662576687116564,0.19047619047619058,0.01269616617408317,0.018567639257294436,0.008791208791208793,3.865767660920633e-05,8.81735504037383e-07,0
305,0.3261802575107297,0.26993865030674846,0.09523809523809523,0.027265537193522874,0.5411140583554377,0.026373626373626374,0.0002963755206705818,9.363191304777922e-06,0
306,0.6266094420600861,0.3619631901840491,0.20238095238095244,0.015068892311534781,0.009283819628647216,0.015384615384615385,1.2885892203068776e-05,5.878236693582553e-07,1
307,0.5064377682403434,0.36809815950920244,0.1071428571428572,0.0027889938808641716,0.007957559681697614,0.008791208791208793,1.2885892203068776e-05,5.878236693582553e-07,0
308,0.5665236051502147,0.3435582822085889,0.19047619047619058,0.011946884235940557,0.011936339522546422,0.017582417582417586,1.2885892203068776e-05,1.2596221486248326e-07,0
309,0.5751072961373391,0.3803680981595092,0.2142857142857143,0.023019606210714732,0.010610079575596818,0.015384615384615385,1.2885892203068776e-05,2.0993702477080543e-07,0
310,0.6266094420600861,0.4049079754601227,0.1785714285714286,0.0023310993631103522,0.06233421750663131,0.0043956043956043965,5.1543568812275104e-05,1.4695591733956382e-06,1
311,0.8197424892703866,0.4233128834355828,0.19047619047619058,0.0024976064604753778,0.0636604774535809,0.008791208791208793,4.832209576150791e-05,1.3855843634873159e-06,1
312,0.7253218884120174,0.4171779141104294,0.16666666666666674,0.0019148316196977897,0.06631299734748011,0.006593406593406593,3.543620355843913e-05,9.23722908991544e-07,1
313,0.7424892703862662,0.4110429447852761,0.1785714285714286,0.0017066977479915082,0.06233421750663131,0.006593406593406593,3.865767660920633e-05,1.1756473387165105e-06,1
314,0.8626609442060089,0.31288343558282206,0.11904761904761907,0.16226116638221705,0.13395225464190985,0.039560439560439566,9.986566457378302e-05,3.4429672062412093e-06,1
315,0.6223175965665237,0.3435582822085889,0.19047619047619058,0.01785788619239895,0.04509283819628648,0.04175824175824176,0.0002126172213506348,6.843947007528258e-06,1
316,0.6223175965665237,0.39263803680981596,0.15476190476190477,0.02089664071931066,0.07294429708222813,0.013186813186813187,7.409388016764546e-05,1.847445817983088e-06,1
317,0.6223175965665237,0.3374233128834356,0.13095238095238104,0.2550472463888773,0.09946949602122017,0.02417582417582418,0.00014174481423375653,2.7711687269746318e-06,1
318,0.6351931330472105,0.32515337423312884,0.16666666666666674,1.0,0.12864721485411143,0.026373626373626374,0.0005025497959196823,1.2722183701110809e-05,1
319,0.6266094420600861,0.4110429447852761,0.15476190476190477,0.001831578071015277,0.06100795755968171,0.0043956043956043965,9.020124542148144e-05,3.1490553715620814e-06,1
320,0.6695278969957084,0.22085889570552147,0.13095238095238104,0.18253340548640887,0.41246684350132634,0.04835164835164836,0.0008891265620117456,1.9860042543318196e-05,1
321,0.46781115879828333,0.44171779141104295,0.16666666666666674,0.007784206801814928,0.03846153846153847,0.017582417582417586,0.0013046965855607136,5.416375239086781e-06,0
322,0.7253218884120174,0.3619631901840491,0.13095238095238104,0.009532531324147692,0.08222811671087535,0.008791208791208793,0.00011919450287838617,2.8131561319287926e-06,1
323,0.7124463519313307,0.33128834355828224,0.1428571428571429,0.09882196228614244,0.09549071618037137,0.03296703296703297,0.00019006690999526444,4.828551569728525e-06,1
324,0.7167381974248928,0.3558282208588957,0.11904761904761907,0.014361237147733422,0.06896551724137932,0.013186813186813187,0.00011919450287838617,3.233030181470404e-06,1
325,0.7210300429184551,0.3619631901840491,0.13095238095238104,0.009574158098488949,0.0649867374005305,0.026373626373626374,0.0001095300837260846,2.4772568922955043e-06,1
326,0.7081545064377683,0.36809815950920244,0.11904761904761907,0.009574158098488949,0.11007957559681698,0.008791208791208793,0.00010308713762455021,2.3932820823871818e-06,1
327,0.7167381974248928,0.3742331288343558,0.11904761904761907,0.006535403571577238,0.07824933687002653,0.01098901098901099,9.664419152301582e-05,2.603219107157987e-06,1
328,0.7081545064377683,0.3619631901840491,0.13095238095238104,0.009574158098488949,0.08222811671087535,0.008791208791208793,6.120798796457668e-05,1.93142062789141e-06,1
329,0.5193133047210301,0.38650306748466257,0.1785714285714286,0.007659326478791158,0.0583554376657825,0.019780219780219783,4.832209576150791e-05,1.3016095535789938e-06,0
330,0.7682403433476397,0.4110429447852761,0.11904761904761907,0.38521416975398576,0.04376657824933688,0.039560439560439566,0.0013046965855607136,5.24422687877472e-05,1
331,0.7510729613733909,0.4171779141104294,0.1071428571428572,0.005453107438704575,0.03846153846153847,0.03076923076923077,0.0013046965855607136,5.24422687877472e-05,1
332,0.7339055793991418,0.4171779141104294,0.11904761904761907,0.17216833867543604,0.041114058355437674,0.03516483516483517,0.0013046965855607136,5.24422687877472e-05,1
333,0.7467811158798285,0.4233128834355828,0.11904761904761907,0.17662240352995046,0.041114058355437674,0.03516483516483517,0.0013046965855607136,5.24422687877472e-05,1
334,0.755364806866953,0.4233128834355828,0.11904761904761907,0.22944678016900472,0.04244031830238727,0.03736263736263736,0.0013046965855607136,5.24422687877472e-05,1
335,0.7124463519313307,0.4171779141104294,0.19047619047619058,0.22274486950006245,0.06233421750663131,0.017582417582417586,4.832209576150791e-05,1.1336599337623494e-06,1
336,0.7339055793991418,0.4049079754601227,0.2142857142857143,0.005078466469633268,0.0583554376657825,0.006593406593406593,5.1543568812275104e-05,1.3016095535789938e-06,1
337,0.7210300429184551,0.4110429447852761,0.20238095238095244,0.004121050659784373,0.0636604774535809,0.006593406593406593,4.510062271074072e-05,1.3435969585331548e-06,1
338,0.7424892703862662,0.4110429447852761,0.1785714285714286,0.0017483245223327646,0.06233421750663131,0.006593406593406593,4.510062271074072e-05,1.4275717684414771e-06,1
339,0.7510729613733909,0.3619631901840491,0.16666666666666674,0.006452150022894725,0.07029177718832892,0.013186813186813187,7.087240711687826e-05,2.0993702477080543e-06,1
340,0.755364806866953,0.38650306748466257,0.15476190476190477,0.006119135828164675,0.0583554376657825,0.013186813186813187,4.1879149659973525e-05,1.2596221486248328e-06,1
341,0.7768240343347641,0.4049079754601227,0.15476190476190477,0.0069932980893310575,0.05968169761273211,0.015384615384615385,3.865767660920633e-05,1.2596221486248328e-06,1
342,0.703862660944206,0.4171779141104294,0.16666666666666674,0.0019148316196977897,0.0636604774535809,0.008791208791208793,4.832209576150791e-05,1.3855843634873159e-06,1
343,0.5364806866952792,0.43558282208588955,0.13095238095238104,0.005702868084752112,0.03315649867374006,0.019780219780219783,0.0013046965855607136,1.2176347436706717e-06,0
344,0.5364806866952792,0.4294478527607362,0.13095238095238104,0.005786121633434625,0.03315649867374006,0.019780219780219783,0.0013046965855607136,1.6375087932122826e-06,0
345,0.5364806866952792,0.44171779141104295,0.1071428571428572,0.005869375182117138,0.03315649867374006,0.02197802197802198,0.0013046965855607136,2.897130941837115e-06,0
346,0.570815450643777,0.4171779141104294,0.13095238095238104,0.014527744245098447,0.03580901856763927,0.03296703296703297,0.0013046965855607136,2.897130941837115e-06,0
347,0.6051502145922749,0.39263803680981596,0.11904761904761907,0.017816259418057694,0.037135278514588865,0.028571428571428574,0.0013046965855607136,2.897130941837115e-06,0
348,0.5793991416309014,0.4294478527607362,0.11904761904761907,0.013362194563543272,0.03580901856763927,0.02417582417582418,0.0013046965855607136,3.736879040920337e-06,0
349,0.5965665236051503,0.4110429447852761,0.1428571428571429,0.014610997793780962,0.03580901856763927,0.028571428571428574,0.0013046965855607136,5.836249288628392e-06,0
350,0.6781115879828328,0.22699386503067487,0.19047619047619058,0.017233484577280106,0.09681697612732097,0.04835164835164836,0.0006507375562549732,6.159552306775432e-05,1
351,0.5965665236051503,0.3558282208588957,0.2142857142857143,0.020147358781168048,0.07294429708222813,0.046153846153846156,0.0005283215803258198,6.415675476995815e-05,1
352,0.772532188841202,0.3619631901840491,0.19047619047619058,0.020188985555509305,0.14456233421750667,0.06593406593406594,0.0001675165986398941,2.552834221212994e-05,1
353,0.7124463519313307,0.20245398773006135,0.16666666666666674,0.016026308121383673,0.1790450928381963,0.06813186813186814,0.001243488597596137,7.553534151253581e-05,1
354,0.7210300429184551,0.32515337423312884,0.20238095238095244,0.02834783332639554,0.09283819628647216,0.06373626373626375,0.0006732878676103435,7.13366010171197e-05,1
355,0.7296137339055795,0.33128834355828224,0.20238095238095244,0.02980477042833951,0.09283819628647216,0.07032967032967034,0.0006024154604934653,7.028691589326567e-05,1
356,0.8154506437768243,0.39263803680981596,0.22619047619047616,0.03962868917287599,0.06763925729442971,0.04395604395604396,0.0008085897357425657,5.979006465472539e-05,1
357,0.7982832618025755,0.3803680981595092,0.22619047619047616,0.04041959788535986,0.0649867374005305,0.05054945054945055,0.0005283215803258198,6.415675476995815e-05,1
358,0.7210300429184551,0.4171779141104294,0.2500000000000001,0.03788036465054323,0.04774535809018569,0.006593406593406593,0.004777444534287749,6.713786052170358e-05,1
359,0.772532188841202,0.4110429447852761,1.0,0.036548307871623026,0.037135278514588865,0.0043956043956043965,0.0031957012663610565,6.470259103436224e-05,1
360,0.8197424892703866,0.4662576687116564,0.2142857142857143,0.033093285601298754,0.025198938992042445,0.0043956043956043965,0.0038110026190575903,6.713786052170358e-05,1
361,0.8025751072961376,0.39263803680981596,0.2500000000000001,0.03475835657494901,0.037135278514588865,0.006593406593406593,0.0033277816614425116,6.222533414206674e-05,1
362,0.828326180257511,0.34969325153374237,0.1071428571428572,0.006244016151188444,0.023872679045092843,0.0043956043956043965,0.015955956020449913,0.0003522743275654115,1
363,0.8154506437768243,0.38650306748466257,0.07142857142857151,0.005827748407775881,0.019893899204244034,0.0021978021978021982,0.01044723710363801,0.00022375088100072446,1
364,0.8240343347639487,0.3558282208588957,0.07142857142857151,0.0010406693585314074,0.04774535809018569,0.01098901098901099,0.01733796795922904,0.0003544576726230279,1
365,0.8154506437768243,0.3558282208588957,0.11904761904761907,0.001831578071015277,0.02254641909814324,0.008791208791208793,0.011043209618029941,0.00023088873984293182,1
366,0.8369098712446355,0.3374233128834356,0.13095238095238104,0.0017483245223327646,0.01724137931034483,0.0021978021978021982,0.009190862613838804,0.0001699650152544441,1
367,0.8025751072961376,0.3742331288343558,0.04761904761904767,0.011197602297797943,0.01591511936339523,0.006593406593406593,0.010808042085323936,0.00023811057349504755,1
368,0.8197424892703866,0.39263803680981596,0.04761904761904767,0.015610040377971111,0.010610079575596818,0.0043956043956043965,0.01956400583730917,0.00039560532947810576,1
369,0.8369098712446355,0.39263803680981596,0.15476190476190477,0.011072721974774175,0.02652519893899205,0.0021978021978021982,0.011204283270568301,0.00020947516331630968,1
370,0.8412017167381978,0.38650306748466257,0.15476190476190477,0.001581817424967739,0.02785145888594165,0.0021978021978021982,0.008395158770299307,0.0001805458413028927,1
371,0.7424892703862662,0.43558282208588955,0.09523809523809523,0.005702868084752112,0.013262599469496024,0.0021978021978021982,0.014731796261158378,0.00032817355712172307,1
372,0.7467811158798285,0.4110429447852761,0.011904761904761973,0.00224784581442784,0.01591511936339523,0.0021978021978021982,0.006916502639997165,0.00014410077380268087,1
373,0.8068669527896999,0.45398773006134974,0.059523809523809534,0.0034133954959830164,0.019893899204244034,0.008791208791208793,0.037475395999574765,0.0007609797273892157,1
374,0.8025751072961376,0.4233128834355828,0.08333333333333337,0.024185155892269907,0.011936339522546422,0.0021978021978021982,0.011275155677685179,0.0002644786638062607,1
375,0.8369098712446355,0.36809815950920244,0.1428571428571429,0.0013736835532614576,0.018567639257294436,0.0043956043956043965,0.016091257888582133,0.0003995521455437969,1
376,0.7939914163090132,0.4478527607361963,0.08333333333333337,0.00865836906298131,0.01724137931034483,0.0043956043956043965,0.0035275129905900774,0.000102953116947603,1
377,0.7982832618025755,0.4478527607361963,0.08333333333333337,0.006202389376847187,0.010610079575596818,0.0021978021978021982,0.004142814343286612,0.00012793562289532885,1
378,0.7811158798283264,0.4294478527607362,0.07142857142857151,0.007700953253132415,0.013262599469496024,0.006593406593406593,0.012550859005788988,0.0002830370967959999,1
379,0.7811158798283264,0.4478527607361963,0.04761904761904767,0.004370811305831911,0.01724137931034483,0.0021978021978021982,0.006249657718488356,0.0001281035725151455,1
380,0.8154506437768243,0.32515337423312884,0.059523809523809534,0.011655496815551763,0.02122015915119364,0.006593406593406593,0.02080427296185454,0.000430328913375197,1
381,0.7939914163090132,0.38650306748466257,0.011904761904761973,0.0016650709736502518,0.018567639257294436,0.03076923076923077,0.02445742340142454,0.0005391602670163825,1
382,0.811158798283262,0.33128834355828224,0.15476190476190477,0.0,0.01591511936339523,0.0021978021978021982,0.010231398409236607,0.00026729181993818946,1
383,0.7639484978540774,0.13496932515337423,0.023809523809523836,0.011780377138575531,0.05968169761273211,0.026373626373626374,0.036112712899100244,0.0006264100945111293,1
384,0.8412017167381978,0.31901840490797545,0.09523809523809523,0.006368896474212213,0.03183023872679046,0.006593406593406593,0.016342532786541974,0.00037469560181093353,1
385,0.8497854077253222,0.3435582822085889,0.1428571428571429,0.01011530616492528,0.02122015915119364,0.0021978021978021982,0.010324821127708857,0.0002133380045720925,1
386,0.8583690987124466,0.3374233128834356,0.13095238095238104,0.009823918744536485,0.01724137931034483,0.0021978021978021982,0.015134480392504278,0.0003620993803246852,1
387,0.7982832618025755,0.4478527607361963,0.04761904761904767,0.0006660283894601008,0.01591511936339523,0.0021978021978021982,0.008498245907923857,0.0001680335946265527,1
388,0.8412017167381978,0.3987730061349693,0.1428571428571429,0.01565166715231237,0.023872679045092843,0.0021978021978021982,0.0027833527158628558,6.45346414145456e-05,1
389,0.8025751072961376,0.44171779141104295,0.0,0.002539233234816634,0.01724137931034483,0.0021978021978021982,0.025584938969193054,0.0005699370348477826,1
390,0.6008583690987126,0.4662576687116564,0.1428571428571429,0.014090663114515258,0.01591511936339523,0.0,0.0013046965855607136,1.6794961981664436e-07,0
391,0.6223175965665237,0.45398773006134974,0.1428571428571429,0.014090663114515258,0.019893899204244034,0.0,0.0013046965855607136,3.358992396332887e-07,0
392,0.6781115879828328,0.4049079754601227,0.19047619047619058,0.06539566249011364,0.05968169761273211,0.008791208791208793,6.442946101534388e-06,4.450664925141076e-06,1
393,0.7982832618025755,0.3558282208588957,0.22619047619047616,0.01910668942263664,0.014588859416445625,0.04395604395604396,4.1879149659973525e-05,4.24072790037027e-06,1
394,0.8197424892703866,0.31901840490797545,0.22619047619047616,0.02147941556008825,0.018567639257294436,0.06373626373626375,6.120798796457668e-05,6.592022577803291e-06,1
395,0.772532188841202,0.38650306748466257,0.2500000000000001,0.017150231028597595,0.007957559681697614,0.019780219780219783,2.8993257456904745e-05,3.736879040920337e-06,1
396,0.7639484978540774,0.4049079754601227,0.2500000000000001,0.016151188444407442,0.010610079575596818,0.02197802197802198,2.8993257456904745e-05,3.400979801287048e-06,1
397,0.7467811158798285,0.4294478527607362,0.1785714285714286,0.02097989426799317,0.02785145888594165,0.028571428571428574,0.0025320778179030146,5.874037953087136e-05,1
398,0.29613733905579404,0.31288343558282206,0.19047619047619058,0.015027265537193524,0.14190981432360747,0.0,0.0013046965855607136,5.24422687877472e-05,0
399,0.7081545064377683,0.36809815950920244,0.23809523809523825,0.016276068767431214,0.10344827586206898,0.0,0.0013046965855607136,5.24422687877472e-05,1
400,0.6695278969957084,0.31288343558282206,0.2142857142857143,0.013736835532614577,0.1472148541114059,0.02417582417582418,0.00045100622710740715,9.195241684961279e-06,1
401,0.6180257510729614,0.36809815950920244,0.22619047619047616,0.015152145860217292,0.1153846153846154,0.02197802197802198,0.00028993257456904747,5.416375239086781e-06,1
402,0.5751072961373391,0.3803680981595092,0.22619047619047616,0.01744161844898639,0.1153846153846154,0.04835164835164836,0.00035436203558439133,5.836249288628392e-06,0
403,0.553648068669528,0.31288343558282206,0.22619047619047616,0.022395204595595887,0.13925729442970824,0.05054945054945055,0.00035436203558439133,5.836249288628392e-06,0
404,0.5965665236051503,0.33128834355828224,0.2142857142857143,0.026599508804062772,0.13793103448275865,0.05934065934065935,0.0001610736525383597,3.317004991378726e-06,1
405,0.5665236051502147,0.34969325153374237,0.22619047619047616,0.01910668942263664,0.1153846153846154,0.046153846153846156,0.00012885892203068775,2.897130941837115e-06,0
406,0.5236051502145924,0.45398773006134974,0.13095238095238104,0.017108604254256338,0.02652519893899205,0.008791208791208793,0.00012563744897992057,2.7711687269746318e-06,0
407,0.46781115879828333,0.4478527607361963,0.20238095238095244,0.014444490696415936,0.02785145888594165,0.02197802197802198,4.832209576150791e-05,3.946816065691143e-06,0
408,0.5364806866952792,0.4723926380368098,0.2142857142857143,0.010531573908337841,0.01724137931034483,0.1054945054945055,0.0,1.4695591733956382e-06,0
409,0.9785407725321889,0.29447852760736193,0.23809523809523825,0.01844066103317654,0.14058355437665787,0.13186813186813187,0.000547650418630423,1.158852376734846e-05,1
410,0.755364806866953,0.3619631901840491,0.2142857142857143,0.012571285851059402,0.1180371352785146,0.026373626373626374,0.0002641607901629099,5.500350048995103e-06,1
411,0.7210300429184551,0.32515337423312884,0.22619047619047616,0.009740665195853974,0.12466843501326262,0.03736263736263736,0.000315704358975185,7.515745486794835e-06,1
412,0.6266094420600861,0.3803680981595092,0.22619047619047616,0.01473587811680473,0.1180371352785146,0.05274725274725275,0.00035436203558439133,7.0958714372532245e-06,1
413,0.5922746781115882,0.32515337423312884,0.22619047619047616,0.014527744245098447,0.13793103448275865,0.026373626373626374,0.00045100622710740715,1.00349897840445e-05,1
414,0.5836909871244638,0.34969325153374237,0.22619047619047616,0.013611955209590808,0.11140583554376658,0.019780219780219783,0.000547650418630423,1.1714485982210944e-05,0
415,0.5836909871244638,0.3374233128834356,0.22619047619047616,0.023644007825833577,0.13527851458885945,0.06373626373626375,0.0003672479277874601,8.061581751198929e-06,1
416,0.5665236051502147,0.45398773006134974,0.16666666666666674,0.015152145860217292,0.025198938992042445,0.006593406593406593,0.00012563744897992057,5.290413024224298e-06,0
417,1.0,0.29447852760736193,0.22619047619047616,0.01823252716147026,0.13660477453580905,0.14725274725274726,0.0004220129696505024,9.237229089915439e-06,1
418,0.5965665236051503,0.3374233128834356,0.22619047619047616,0.020605253298921867,0.13129973474801063,0.05934065934065935,0.000331811724229021,6.55003517284913e-06,1
419,0.6180257510729614,0.31288343558282206,0.22619047619047616,0.020147358781168048,0.14456233421750667,0.05934065934065935,0.00045100622710740715,9.2792164948696e-06,1
420,0.6781115879828328,0.2883435582822086,0.2500000000000001,0.037505723681471925,0.19761273209549077,0.2527472527472528,0.0005895295682903965,1.1420574147531815e-05,1
421,0.5450643776824036,0.25766871165644173,0.2500000000000001,0.026890896224451566,0.16976127320954912,0.18461538461538463,0.0011693947174284914,1.7592722675793496e-05,1
422,0.9055793991416312,0.31288343558282206,0.23809523809523825,0.016484202639137493,0.12599469496021223,0.05494505494505495,0.0004896639037166135,9.65710313945705e-06,1
423,0.47639484978540786,0.4233128834355828,0.1428571428571429,0.017899512966740208,0.007957559681697614,0.01098901098901099,6.442946101534388e-06,4.6144158044623034e-05,0
424,0.4506437768240344,0.4662576687116564,0.15476190476190477,0.0069932980893310575,0.03315649867374006,0.0,6.442946101534388e-06,1.6752974576710272e-05,0
425,0.7339055793991418,0.3987730061349693,0.16666666666666674,0.04528993048328685,0.07294429708222813,0.006593406593406593,9.664419152301583e-06,4.492652330095237e-06,1
426,0.497854077253219,0.31901840490797545,0.19047619047619058,0.011114348749115429,0.0570291777188329,0.04835164835164836,0.00015140923338605812,5.668299668811747e-06,0
427,0.47639484978540786,0.2883435582822086,0.19047619047619058,0.009282770678100155,0.04244031830238727,0.026373626373626374,0.0001063086106753174,4.408677520186914e-06,0
428,0.4892703862660945,0.3374233128834356,0.20238095238095244,0.00865836906298131,0.04641909814323609,0.02417582417582418,0.00012563744897992057,4.324702710278593e-06,0
429,0.5236051502145924,0.33128834355828224,0.2142857142857143,0.008533488739957542,0.04509283819628648,0.02197802197802198,0.00014174481423375653,4.870538974682687e-06,0
430,0.4635193133047211,0.3006134969325154,0.19047619047619058,0.009699038421512717,0.04244031830238727,0.013186813186813187,0.00019006690999526444,6.466060362940808e-06,0
431,0.6223175965665237,0.3558282208588957,0.23809523809523825,0.01943970361736669,0.11007957559681698,0.05714285714285715,4.510062271074072e-05,1.3855843634873159e-06,1
432,0.6051502145922749,0.31288343558282206,0.23809523809523825,0.020605253298921867,0.12334217506631302,0.07032967032967034,8.375829931994705e-05,2.057382842753893e-06,1
433,0.6351931330472105,0.3006134969325154,0.2500000000000001,0.038588019814344586,0.16710875331564992,0.2571428571428572,0.0004284559157520368,1.0328901618723627e-05,1
434,0.8884120171673822,0.31901840490797545,0.23809523809523825,0.016359322316113725,0.12732095490716183,0.05054945054945055,0.00036402645473669295,7.7676699165198e-06,1
435,0.8841201716738201,0.2883435582822086,0.22619047619047616,0.016359322316113725,0.14588859416445626,0.05054945054945055,0.0004832209576150791,1.0286914213769465e-05,1
436,0.7896995708154508,0.4294478527607362,0.20238095238095244,0.029013861715855637,0.01724137931034483,0.10769230769230771,0.002255031135537036,5.24422687877472e-05,1
437,0.7296137339055795,0.43558282208588955,0.19047619047619058,0.01698372393123257,0.01724137931034483,0.02197802197802198,0.0017975819623280943,4.3624913747373374e-05,1
438,0.7296137339055795,0.4171779141104294,0.13095238095238104,0.008242101319568745,0.0570291777188329,0.0043956043956043965,0.0025642925484106864,6.125962382812104e-05,1
439,0.772532188841202,0.4049079754601227,0.16666666666666674,0.013820089081297091,0.013262599469496024,0.013186813186813187,0.00199731329147566,4.5304409945539814e-05,1
440,0.772532188841202,0.4233128834355828,0.20238095238095244,0.04016983723931233,0.041114058355437674,0.046153846153846156,0.0023838900575677236,5.832050548132975e-05,1
441,0.7081545064377683,0.43558282208588955,0.19047619047619058,0.040710985305748654,0.05039787798408489,0.03296703296703297,0.002358118273161586,5.664100928316331e-05,1
442,0.6566523605150216,0.44171779141104295,0.19047619047619058,0.010281813262290305,0.029177718832891254,0.0021978021978021982,0.00022872458660447078,6.55003517284913e-06,1
443,0.6695278969957084,0.4294478527607362,0.20238095238095244,0.01565166715231237,0.03580901856763927,0.006593406593406593,0.00029959699372134903,7.977606941290607e-06,1
444,0.8326180257510731,0.44171779141104295,0.19047619047619058,0.023893768471881113,0.02254641909814324,0.0043956043956043965,0.002986305518061189,6.470259103436224e-05,1
445,0.7081545064377683,0.3987730061349693,0.19047619047619058,0.020688506847604378,0.07692307692307693,0.008791208791208793,0.0005766436760873278,1.616515090735202e-05,1
446,0.703862660944206,0.3987730061349693,0.19047619047619058,0.01494401198851101,0.05039787798408489,0.0043956043956043965,0.0004606706462597087,1.2050385221844232e-05,1
447,0.6866952789699572,0.4110429447852761,0.20238095238095244,0.014319610373392168,0.04509283819628648,0.0043956043956043965,0.00041557002354896804,1.1672498577256782e-05,1
448,0.828326180257511,0.44171779141104295,0.2142857142857143,0.017025350705573827,0.02254641909814324,0.0043956043956043965,0.0026029502250198926,5.979006465472539e-05,1
449,0.6695278969957084,0.44171779141104295,0.19047619047619058,0.011405736169504226,0.03315649867374006,0.0021978021978021982,0.0002222816405029364,6.3400981480783244e-06,1
450,0.6738197424892705,0.44171779141104295,0.19047619047619058,0.01044832035965533,0.03580901856763927,0.0021978021978021982,0.00017718101779219566,5.542337453949264e-06,1
451,0.7381974248927041,0.43558282208588955,0.2142857142857143,0.03817175207093202,0.02652519893899205,0.05494505494505495,5.798651491380949e-05,2.279916089010947e-05,1
452,0.7081545064377683,0.4233128834355828,0.22619047619047616,0.039961703367606044,0.037135278514588865,0.06813186813186814,7.409388016764546e-05,2.5990203666625713e-05,1
453,0.7339055793991418,0.36809815950920244,0.1785714285714286,0.005286600341339549,0.04376657824933688,0.0043956043956043965,0.000879462142859444,3.0776767831400076e-05,1
454,0.772532188841202,0.39263803680981596,0.20238095238095244,0.007492819381426132,0.041114058355437674,0.006593406593406593,0.0004832209576150791,1.2176347436706715e-05,1
455,0.4849785407725323,0.3374233128834356,0.880952380952381,0.007659326478791158,0.010610079575596818,0.0021978021978021982,0.002313017650450845,0.0001236529075900044,0
456,0.8154506437768243,0.3558282208588957,0.16666666666666674,0.008575115514298796,0.053050397877984094,0.0043956043956043965,0.002793017135015157,6.470259103436224e-05,1
457,0.7854077253218887,0.36809815950920244,0.1785714285714286,0.007784206801814928,0.041114058355437674,0.0043956043956043965,0.00046711359236124313,1.2638208891202487e-05,1
458,0.8197424892703866,0.3987730061349693,0.20238095238095244,0.004787079049244474,0.023872679045092843,0.0043956043956043965,0.00018684543694449726,5.416375239086781e-06,1
459,0.47210300429184554,0.3374233128834356,0.13095238095238104,0.006077509053823419,0.010610079575596818,0.0021978021978021982,0.0017138236630081473,8.662001642043433e-05,0
460,0.2789699570815451,0.36809815950920244,0.20238095238095244,0.015693293926653622,0.05437665782493369,0.0,0.0013046965855607136,5.24422687877472e-05,0
461,0.2789699570815451,0.0,0.13095238095238104,0.05698705407317987,0.7798408488063662,0.0,0.0013046965855607136,5.24422687877472e-05,0
462,0.2875536480686695,0.012269938650306749,0.1428571428571429,0.05061815759896766,0.9124668435013263,0.0,0.0013046965855607136,5.24422687877472e-05,0
463,0.7768240343347641,0.33128834355828224,0.22619047619047616,0.04258419015110519,0.025198938992042445,0.05714285714285715,6.765093406611107e-05,2.7711687269746318e-06,1
464,0.6437768240343349,0.4233128834355828,0.20238095238095244,0.03325979269866378,0.009283819628647216,0.013186813186813187,6.442946101534388e-06,6.083974977857942e-05,1
465,0.5793991416309014,0.4049079754601227,0.23809523809523825,0.03604878657952795,0.006631299734748011,0.01098901098901099,6.442946101534388e-06,5.874037953087136e-05,0
466,0.7982832618025755,0.4233128834355828,0.23809523809523825,0.023186113308079757,0.03183023872679046,0.006593406593406593,0.0027124803087459773,5.979006465472539e-05,1
467,0.7939914163090132,0.4171779141104294,0.2500000000000001,0.022311951046913376,0.03183023872679046,0.008791208791208793,0.002242145243333967,6.222533414206674e-05,1
468,0.7639484978540774,0.29447852760736193,0.19047619047619058,0.07613537027015775,0.07161803713527852,0.2263736263736264,6.765093406611107e-05,7.557732891748996e-06,1
469,0.7081545064377683,0.4171779141104294,0.1785714285714286,0.025350705573825086,0.04509283819628648,0.1098901098901099,4.510062271074072e-05,2.3219034939651083e-05,1
470,0.7210300429184551,0.4294478527607362,0.2142857142857143,0.028930608167173126,0.014588859416445625,0.019780219780219783,0.002641607901629099,6.125962382812104e-05,1
471,0.9055793991416312,0.4478527607361963,0.1071428571428572,0.00029138742038879403,0.013262599469496024,0.027032967032967033,0.00034791908948285697,1.7298810841114367e-05,1
472,0.8712446351931333,0.43558282208588955,0.04761904761904767,0.0003746409690713066,0.01591511936339523,0.005714285714285715,0.0240096386473679,0.000530678811215642,1
473,0.8454935622317599,0.45398773006134974,0.07142857142857151,0.0017066977479915082,0.007957559681697614,0.0,0.000515435688122751,1.3771868824964837e-05,1
474,0.8240343347639487,0.25153374233128833,0.04761904761904767,0.004245930982808142,0.023872679045092843,0.02197802197802198,0.014264682668797135,0.00033140658730319346,1
475,0.7982832618025755,0.16564417177914112,0.011904761904761973,0.004079423885443117,0.02652519893899205,0.016923076923076926,0.010331264073810392,0.00019809657657373202,1
476,0.9055793991416312,0.3619631901840491,0.0357142857142857,0.002955500978229197,0.03315649867374006,0.02197802197802198,0.005366974102578145,0.0005305948364057337,1
477,0.8497854077253222,0.07975460122699386,0.0357142857142857,0.012945926820130706,0.03580901856763927,0.0,0.06074731731831698,0.0013735339782654718,1
478,0.9055793991416312,0.3006134969325154,0.023809523809523836,0.004537318403196936,0.03448275862068966,0.023076923076923078,0.009226298817397244,0.00017706088669169732,1
479,0.6952789699570816,0.4386503067484663,0.1785714285714286,0.05544686342255339,0.18302387267904513,0.0,0.0013046965855607136,5.24422687877472e-05,1
480,0.7339055793991418,0.3987730061349693,0.27380952380952384,0.02539233234816634,0.28647214854111414,0.08791208791208792,0.01631353952908507,0.00010438068871604447,1
481,0.8154506437768243,0.4312883435582822,0.2142857142857143,0.01169712358989302,0.3885941644562335,0.07098901098901099,0.002522413398750713,0.0005206018340266434,1
482,0.7510729613733909,0.4785276073619632,0.20238095238095244,0.09099612870998626,0.07029177718832892,0.04395604395604396,0.008272742794370154,0.0001027431799228322,1
483,0.8068669527896999,0.39263803680981596,0.20238095238095244,0.9609957124422428,0.06100795755968171,0.04395604395604396,0.014496628728452372,7.431770676886513e-06,1
484,0.7424892703862662,0.44171779141104295,0.16666666666666674,0.05865212504683012,0.213527851458886,0.13186813186813187,0.0013046965855607136,2.7837649484608803e-05,1
485,0.6223175965665237,0.4478527607361963,0.261904761904762,0.0054114806643633185,0.010610079575596818,0.02197802197802198,0.0013046965855607136,5.24422687877472e-05,0
486,0.665236051502146,0.43558282208588955,0.261904761904762,0.09994588519335636,0.010610079575596818,0.02197802197802198,0.0013046965855607136,5.24422687877472e-05,1
487,0.7510729613733909,0.3374233128834356,0.2500000000000001,0.014090663114515258,0.010610079575596818,0.0,0.0013046965855607136,5.24422687877472e-05,1
488,0.7639484978540774,0.4171779141104294,0.20238095238095244,0.07621862381884027,0.16976127320954912,0.02197802197802198,1.2885892203068776e-05,1.1756473387165105e-06,1
489,0.772532188841202,0.43558282208588955,0.1428571428571429,0.08579278191732921,0.2758620689655173,0.02197802197802198,1.2885892203068776e-05,3.946816065691143e-06,1
490,0.7939914163090132,0.34969325153374237,0.15476190476190477,0.12242434333763476,0.14323607427055707,0.14901098901098903,0.0013046965855607136,5.24422687877472e-05,1
491,0.6437768240343349,0.25766871165644173,0.2857142857142857,0.014090663114515258,0.0013262599469496023,0.0,0.0013046965855607136,5.24422687877472e-05,1
492,0.7081545064377683,0.19631901840490798,0.2500000000000001,0.014090663114515258,0.010610079575596818,0.0,0.0013046965855607136,5.24422687877472e-05,1
493,0.665236051502146,0.2085889570552147,0.2500000000000001,0.014090663114515258,0.010610079575596818,0.0,0.0013046965855607136,5.24422687877472e-05,1
494,0.6351931330472105,0.2883435582822086,0.1785714285714286,0.014090663114515258,0.2758620689655173,0.0,0.0013046965855607136,1.045486383358611e-05,1
495,0.7682403433476397,0.2147239263803681,0.2142857142857143,0.014090663114515258,0.12334217506631302,0.0,0.0013046965855607136,1.3100070345698259e-05,1
496,0.665236051502146,0.3067484662576687,0.15476190476190477,0.014090663114515258,0.10344827586206898,0.0,0.0013046965855607136,8.355493585878055e-06,1
497,0.7510729613733909,0.26993865030674846,0.20238095238095244,0.014090663114515258,0.019893899204244034,0.0,0.0013046965855607136,5.24422687877472e-05,1
498,0.7939914163090132,0.3619631901840491,0.1785714285714286,0.0588602589185364,0.09416445623342176,0.14175824175824178,9.664419152301582e-05,2.519244297249665e-07,1
499,0.7424892703862662,0.14723926380368096,0.20238095238095244,0.012987553594471964,0.08488063660477455,0.1367032967032967,7.731535321841266e-05,4.0223933946086325e-05,1
500,0.665236051502146,0.5092024539877301,0.23809523809523825,0.009615784872830203,0.025198938992042445,0.06593406593406594,1.2885892203068776e-05,3.6109168260578535e-06,1
501,0.6523605150214593,0.558282208588957,0.20238095238095244,0.017566498772010157,0.07029177718832892,0.0232967032967033,2.255031135537036e-05,1.5199440593406314e-05,0
502,0.6223175965665237,0.3558282208588957,0.16666666666666674,0.034675103026266495,0.02254641909814324,0.26373626373626374,2.255031135537036e-05,7.0958714372532245e-06,1
503,0.4935622317596568,0.4662576687116564,0.1428571428571429,0.015360279731923575,0.023872679045092843,0.0421978021978022,2.255031135537036e-05,2.267319867524699e-06,0
504,0.4935622317596568,0.4171779141104294,0.1428571428571429,0.0161928152187487,0.025198938992042445,0.04395604395604396,4.1879149659973525e-05,3.400979801287048e-06,0
505,0.8025751072961376,0.4601226993865031,0.13095238095238104,0.0008325354868251259,0.03846153846153847,0.1098901098901099,8.375829931994705e-05,1.5241427998360476e-05,1
506,0.7081545064377683,0.4662576687116564,0.19047619047619058,0.026682762352745287,0.08222811671087535,0.37362637362637363,2.5771784406137552e-05,1.5997201287535376e-05,1
507,0.6695278969957084,0.5030674846625767,0.23809523809523825,0.009324397452441409,0.02785145888594165,0.06593406593406594,1.2885892203068776e-05,4.030790875599465e-06,1
508,0.6995708154506439,0.5030674846625767,0.22619047619047616,0.009907172293218997,0.02652519893899205,0.04395604395604396,1.2885892203068776e-05,3.6529042310120147e-06,1
509,0.6394849785407726,0.43558282208588955,0.2142857142857143,0.009740665195853974,0.02652519893899205,0.08791208791208792,1.2885892203068776e-05,3.904828660736982e-06,1
510,0.6952789699570816,0.4478527607361963,0.19047619047619058,0.01090621487740915,0.02122015915119364,0.1463736263736264,9.664419152301583e-06,3.86284125578282e-06,1
511,0.515021459227468,0.26993865030674846,0.16666666666666674,0.017691379095033925,0.055702917771883305,0.26373626373626374,1.610736525383597e-05,1.0874737883127722e-05,0
512,0.5064377682403434,0.4478527607361963,0.19047619047619058,0.019273196520001666,0.09814323607427057,0.04395604395604396,3.865767660920633e-05,5.038488594499331e-06,0
513,0.515021459227468,0.45398773006134974,0.16666666666666674,0.018981809099612872,0.0636604774535809,0.06593406593406594,1.610736525383597e-05,8.355493585878055e-06,0
514,0.497854077253219,0.4233128834355828,0.1428571428571429,0.017025350705573827,0.05437665782493369,0.04395604395604396,2.5771784406137552e-05,2.015395437799732e-06,0
515,0.7510729613733909,0.4233128834355828,0.13095238095238104,0.014090663114515258,0.02785145888594165,0.13186813186813187,0.0013046965855607136,8.859342445327989e-06,1
516,0.7596566523605153,0.4233128834355828,0.11904761904761907,0.014090663114515258,0.24403183023872685,0.02197802197802198,0.0013046965855607136,1.6710987171756114e-05,1
517,0.6866952789699572,0.38650306748466257,0.1071428571428572,0.014090663114515258,0.13395225464190985,0.02197802197802198,0.0013046965855607136,2.733380062515887e-05,1
518,0.570815450643777,0.32515337423312884,0.22619047619047616,0.022187070723889604,0.01724137931034483,0.02197802197802198,2.255031135537036e-05,2.6871939170663097e-06,0
519,0.5751072961373391,0.2822085889570552,0.2500000000000001,0.059276526661948964,0.039787798408488076,0.02197802197802198,5.1543568812275104e-05,2.3344997154513564e-05,1
520,0.4034334763948498,0.2883435582822086,0.22619047619047616,0.011738750364234274,0.01724137931034483,0.02197802197802198,3.865767660920633e-05,1.0118964593952822e-05,0
521,0.5922746781115882,0.3067484662576687,0.2500000000000001,0.022644965241643424,0.013262599469496024,0.02197802197802198,1.2885892203068776e-05,4.6186145449577195e-07,1
522,0.5450643776824036,0.5153374233128835,0.23809523809523825,0.010864588103067892,0.010610079575596818,0.04395604395604396,1.610736525383597e-05,8.397480990832218e-07,0
523,0.48068669527897007,0.34969325153374237,0.20238095238095244,0.010656454231361613,0.011936339522546422,0.02197802197802198,1.610736525383597e-05,3.358992396332887e-07,0
524,0.6695278969957084,0.27607361963190186,0.19047619047619058,0.018482287807517796,0.01724137931034483,0.02197802197802198,1.610736525383597e-05,5.878236693582553e-07,1
525,0.5965665236051503,0.3067484662576687,0.20238095238095244,0.01144736294384548,0.02254641909814324,0.04395604395604396,1.2885892203068776e-05,2.519244297249665e-07,1
526,0.8497854077253222,0.31288343558282206,0.19047619047619058,0.009449277775465177,0.009283819628647216,0.023736263736263738,1.2885892203068776e-05,2.519244297249665e-07,1
527,0.4635193133047211,0.3067484662576687,0.27380952380952384,0.02351912750280981,0.013262599469496024,0.05032967032967033,1.2885892203068776e-05,4.198740495416109e-07,0
528,0.4592274678111588,0.3006134969325154,0.27380952380952384,0.02306123298505599,0.011936339522546422,0.02197802197802198,1.2885892203068776e-05,2.519244297249665e-07,0
529,0.5450643776824036,0.26993865030674846,0.2142857142857143,0.020771760396286892,0.013262599469496024,0.02197802197802198,1.610736525383597e-05,5.458362644040942e-07,0
530,0.5321888412017168,0.3435582822085889,0.2500000000000001,0.022977979436373475,0.011936339522546422,0.06593406593406594,1.2885892203068776e-05,2.939118346791276e-07,0
531,0.5321888412017168,0.3558282208588957,0.261904761904762,0.022853099113349706,0.013262599469496024,0.06593406593406594,1.2885892203068776e-05,2.0993702477080543e-07,0
532,0.7811158798283264,0.25153374233128833,0.19047619047619058,0.045539691129334384,0.02785145888594165,0.04395604395604396,2.255031135537036e-05,2.7711687269746318e-06,1
533,0.5922746781115882,0.2147239263803681,0.30952380952380965,0.08179661158056861,0.08355437665782495,0.02197802197802198,4.1879149659973525e-05,1.0370889023677789e-05,1
